Workbook

Sheet README
A1: 🧾 Project Overview
A3: Lake of the Ozarks Property Intelligence Model
A5: This dataset identifies and ranks high-value waterfront properties using a scoring model based on property value, size, and water access.
A9: 🎯 Objective
A11: To create a targeting dataset for:
A13: Dock service companies
A14: Marine businesses
A15: Real estate professionals
A19: ⚙️ Methodology
A21: Combined active listings and recently sold properties
A22: Engineered features:
A23: dock_score
... A34: Summary metrics for decision-making

Sheet Dashboard
B1: Lake of the Ozarks Property Intelligence Dashboard
B2: Identifying high-value waterfront properties for targeted dock service opportunities | AA2: Segment
B4: Total Properties: | C4: =COUNTIF(lake_ozarks_homeowners_v1!N:N,"<>")-1 -> 58 | AA4: Premier Dock Owner | AB4: =COUNTIF(lake_ozarks_homeowners_v1!O:O,"Premier Dock Owner") -> 9
B5: Premier Dock Owners: | C5: =COUNTIF(lake_ozarks_homeowners_v1!O:O,"Premier Dock Owner") -> 9 | AA5: High-Value Dock Owner | AB5: =COUNTIF(lake_ozarks_homeowners_v1!O:O,"High-Value Dock Owner") -> 23
B6: High-Value Dock Owners: | C6: =COUNTIF(lake_ozarks_homeowners_v1!O:O,"High-Value Dock Owner") -> 23 | AA6: Waterfront / Access Prospect | AB6: =COUNTIF(lake_ozarks_homeowners_v1!O:O,"Waterfront / Access Prospect") -> 26
B7: Waterfront/Access Prospects: | C7: =COUNTIF(lake_ozarks_homeowners_v1!O:O,"Waterfront / Access Prospect") -> 26
B9: Active Listings: | C9: =COUNTIF(lake_ozarks_homeowners_v1!R:R,"*Active*") -> 29
B10: Recently Sold: | C10: =COUNTIF(lake_ozarks_homeowners_v1!R:R,"*Sold*") -> 29
B12: Priority A Targets: | C12: =COUNTIF(lake_ozarks_homeowners_v1!P:P,"A") -> 9
B13: Priority B Targets: | C13: =COUNTIF(lake_ozarks_homeowners_v1!P:P,"B") -> 23
B14: Priority C Targets: | C14: =COUNTIF(lake_ozarks_homeowners_v1!P:P,"C") -> 26
P15: `
B19: Top 10 High-Value Dock Ownership Targets
B20: Address | C20: City | D20: Property Value | E20: Dock Score | F20: Segment
B21: 282 Timber Ridge Ln | C21: Lake Ozark | D21: 6895500 | E21: 105 | F21: =IF(D21>=100,"Premier Dock Owner",IF(D21>=85,"High-Value Dock Owner",IF(D21>=65,"Waterfront / Access Prospect","Lower Priority"))) -> Premier Dock Owner
B22: LOT 10 Shootout Dr | C22: Osage Beach | D22: 6990000 | E22: 105 | F22: =IF(D22>=100,"Premier Dock Owner",IF(D22>=85,"High-Value Dock Owner",IF(D22>=65,"Waterfront / Access Prospect","Lower Priority"))) -> Premier Dock Owner
B23: 4650 Windsor Dr | C23: Osage Beach | D23: 6000000 | E23: 105 | F23: =IF(D23>=100,"Premier Dock Owner",IF(D23>=85,"High-Value Dock Owner",IF(D23>=65,"Waterfront / Access Prospect","Lower Priority"))) -> Premier Dock Owner
B24: LOT 2A Casas Del Ln | C24: Osage Beach | D24: 6699000 | E24: 105 | F24: =IF(D24>=100,"Premier Dock Owner",IF(D24>=85,"High-Value Dock Owner",IF(D24>=65,"Waterfront / Access Prospect","Lower Priority"))) -> Premier Dock Owner
B25: 5211 Dude Ranch Rd | C25: Osage Beach | D25: 5950000 | E25: 105 | F25: =IF(D25>=100,"Premier Dock Owner",IF(D25>=85,"High-Value Dock Owner",IF(D25>=65,"Waterfront / Access Prospect","Lower Priority"))) -> Premier Dock Owner
B26: 808 Las Campanas | C26: Sunrise Beach | D26: 4153300 | E26: 100 | F26: =IF(D26>=100,"Premier Dock Owner",IF(D26>=85,"High-Value Dock Owner",IF(D26>=65,"Waterfront / Access Prospect","Lower Priority"))) -> Premier Dock Owner
B27: 53 Rosco Rd | C27: Lake Ozark | D27: 3695000 | E27: 100 | F27: =IF(D27>=100,"Premier Dock Owner",IF(D27>=85,"High-Value Dock Owner",IF(D27>=65,"Waterfront / Access Prospect","Lower Priority"))) -> Premier Dock Owner
B28: 33 Vista Ct | C28: Sunset Beach | D28: 8954000 | E28: 100 | F28: =IF(D28>=100,"Premier Dock Owner",IF(D28>=85,"High-Value Dock Owner",IF(D28>=65,"Waterfront / Access Prospect","Lower Priority"))) -> Premier Dock Owner
B29: 1294 Squire Ln | C29: Osage Beach | D29: 4950000 | E29: 100 | F29: =IF(D29>=100,"Premier Dock Owner",IF(D29>=85,"High-Value Dock Owner",IF(D29>=65,"Waterfront / Access Prospect","Lower Priority"))) -> Premier Dock Owner
B30: 924 Las Campanas | C30: Sunrise Beach | D30: 2043600 | E30: 95 | F30: =IF(D30>=100,"Premier Dock Owner",IF(D30>=85,"High-Value Dock Owner",IF(D30>=65,"Waterfront / Access Prospect","Lower Priority"))) -> Premier Dock Owner
B32: Most properties fall into mid-to-high value dock ownership tiers, indicating strong targeting potential for marine service providers.
B35: Action Summary
B36: Immediate Outreach Targets (A): | D36: =C12 -> 9
B37: Secondary Outreach Targets (B): | D37: =C13 -> 23
B38: Low Priority / Monitor (C): | D38: =C14 -> 26
B40: Recommended Focus:
B41: Prioritize direct outreach to A-tier properties, followed by personalized campaigns for B-tier prospects.

Sheet lake_ozarks_homeowners_v1
A1: Lake of the Ozarks Property Intelligence Dataset
A3: Total Properties: | B3: =COUNTIF(N:N,"<>")-1 -> 58
A4: Premier Dock Owners: | B4: =COUNTIF(O:O,"Premier Dock Owner") -> 9
A5: High-Value Dock Owners: | B5: =COUNTIF(O:O,"High-Value Dock Owner") -> 23
A6: Waterfront Type | B6: =COUNTIF(O:O,"Waterfront / Access Prospect") -> 26
A8: Active Listings: | B8: =COUNTIF(R:R,"*Active*") -> 29
A9: Recently Sold: | B9: =COUNTIF(R:R,"*Sold*") -> 29
A10: standard_property_address | B10: lot_based_property_address | C10: property_city | D10: property_state | E10: property_zip | F10: beds | G10: baths | H10: sqft | I10: property_value | J10: price_per_sqft | K10: value_source | L10: waterfront_type | M10: dock_score | N10: rank | O10: segment | P10: target_priority | Q10: targeting_strategy | R10: data_type
A11: 282 Timber Ridge Ln | C11: Lake Ozark | D11: MO | E11: 65049 | F11: 6 | G11: 8 | H11: 6811 | I11: 6895500 | J11: =Table13[[#This Row],[property_value]]/Table13[[#This Row],[sqft]] -> 1012.4064 | K11: zestimate | L11: Dock | M11: =IF(L11="Dock",50,IF(L11="Waterfront",40,IF(L11="Access",20,0)))+IF(I11>5000000,30,IF(I11>2000000,25,IF(I11>1000000,20,10)))+IF(H11>6000,15,IF(H11>4000,10,5))+IF(F11>=6,10,IF(F11>=4,5,0)) -> 105 | N11: =_xlfn.RANK.EQ(M11,$M$11:$M$68,0) -> 1 | O11: =IF(M11>=100,"Premier Dock Owner",IF(M11>=85,"High-Value Dock Owner",IF(M11>=65,"Waterfront / Access Prospect","Lower Priority"))) -> Premier Dock Owner | P11: =IF(O11="Premier Dock Owner","A",IF(O11="High-Value Dock Owner","B","C")) -> A | Q11: =IF(Table13[[#This Row],[target_priority]]="A","Direct Outreach",IF(Table13[[#This Row],[target_priority]]="B","Personalized Mail Campaign","Low Priority / Monitor")) -> Direct Outreach | R11: Recently Sold
B12: LOT 10 Shootout Dr | C12: Osage Beach | D12: MO | E12: 65065 | F12: 8 | G12: 10 | H12: 8297 | I12: 6990000 | J12: =Table13[[#This Row],[property_value]]/Table13[[#This Row],[sqft]] -> 842.47318 | L12: Dock | M12: =IF(L12="Dock",50,IF(L12="Waterfront",40,IF(L12="Access",20,0)))+IF(I12>5000000,30,IF(I12>2000000,25,IF(I12>1000000,20,10)))+IF(H12>6000,15,IF(H12>4000,10,5))+IF(F12>=6,10,IF(F12>=4,5,0)) -> 105 | N12: =_xlfn.RANK.EQ(M12,$M$11:$M$68,0) -> 1 | O12: =IF(M12>=100,"Premier Dock Owner",IF(M12>=85,"High-Value Dock Owner",IF(M12>=65,"Waterfront / Access Prospect","Lower Priority"))) -> Premier Dock Owner | P12: =IF(O12="Premier Dock Owner","A",IF(O12="High-Value Dock Owner","B","C")) -> A | Q12: =IF(Table13[[#This Row],[target_priority]]="A","Direct Outreach",IF(Table13[[#This Row],[target_priority]]="B","Personalized Mail Campaign","Low Priority / Monitor")) -> Direct Outreach | R12: Active Listing
A13: 4650 Windsor Dr | C13: Osage Beach | D13: MO | E13: 65065 | F13: 6 | G13: 8 | H13: 7500 | I13: 6000000 | J13: =Table13[[#This Row],[property_value]]/Table13[[#This Row],[sqft]] -> 800 | L13: Dock | M13: =IF(L13="Dock",50,IF(L13="Waterfront",40,IF(L13="Access",20,0)))+IF(I13>5000000,30,IF(I13>2000000,25,IF(I13>1000000,20,10)))+IF(H13>6000,15,IF(H13>4000,10,5))+IF(F13>=6,10,IF(F13>=4,5,0)) -> 105 | N13: =_xlfn.RANK.EQ(M13,$M$11:$M$68,0) -> 1 | O13: =IF(M13>=100,"Premier Dock Owner",IF(M13>=85,"High-Value Dock Owner",IF(M13>=65,"Waterfront / Access Prospect","Lower Priority"))) -> Premier Dock Owner | P13: =IF(O13="Premier Dock Owner","A",IF(O13="High-Value Dock Owner","B","C")) -> A | Q13: =IF(Table13[[#This Row],[target_priority]]="A","Direct Outreach",IF(Table13[[#This Row],[target_priority]]="B","Personalized Mail Campaign","Low Priority / Monitor")) -> Direct Outreach | R13: Active Listing
B14: LOT 2A Casas Del Ln | C14: Osage Beach | D14: MO | E14: 65065 | F14: 6 | G14: 9 | H14: 10030 | I14: 6699000 | J14: =Table13[[#This Row],[property_value]]/Table13[[#This Row],[sqft]] -> 667.89631 | L14: Dock | M14: =IF(L14="Dock",50,IF(L14="Waterfront",40,IF(L14="Access",20,0)))+IF(I14>5000000,30,IF(I14>2000000,25,IF(I14>1000000,20,10)))+IF(H14>6000,15,IF(H14>4000,10,5))+IF(F14>=6,10,IF(F14>=4,5,0)) -> 105 | N14: =_xlfn.RANK.EQ(M14,$M$11:$M$68,0) -> 1 | O14: =IF(M14>=100,"Premier Dock Owner",IF(M14>=85,"High-Value Dock Owner",IF(M14>=65,"Waterfront / Access Prospect","Lower Priority"))) -> Premier Dock Owner | P14: =IF(O14="Premier Dock Owner","A",IF(O14="High-Value Dock Owner","B","C")) -> A | Q14: =IF(Table13[[#This Row],[target_priority]]="A","Direct Outreach",IF(Table13[[#This Row],[target_priority]]="B","Personalized Mail Campaign","Low Priority / Monitor")) -> Direct Outreach | R14: Active Listing
A15: 5211 Dude Ranch Rd | C15: Osage Beach | D15: MO | E15: 65065 | F15: 7 | G15: 7 | H15: 9800 | I15: 5950000 | J15: =Table13[[#This Row],[property_value]]/Table13[[#This Row],[sqft]] -> 607.14286 | L15: Dock | M15: =IF(L15="Dock",50,IF(L15="Waterfront",40,IF(L15="Access",20,0)))+IF(I15>5000000,30,IF(I15>2000000,25,IF(I15>1000000,20,10)))+IF(H15>6000,15,IF(H15>4000,10,5))+IF(F15>=6,10,IF(F15>=4,5,0)) -> 105 | N15: =_xlfn.RANK.EQ(M15,$M$11:$M$68,0) -> 1 | O15: =IF(M15>=100,"Premier Dock Owner",IF(M15>=85,"High-Value Dock Owner",IF(M15>=65,"Waterfront / Access Prospect","Lower Priority"))) -> Premier Dock Owner | P15: =IF(O15="Premier Dock Owner","A",IF(O15="High-Value Dock Owner","B","C")) -> A | Q15: =IF(Table13[[#This Row],[target_priority]]="A","Direct Outreach",IF(Table13[[#This Row],[target_priority]]="B","Personalized Mail Campaign","Low Priority / Monitor")) -> Direct Outreach | R15: Active Listing
A16: 808 Las Campanas | C16: Sunrise Beach | D16: MO | E16: 65079 | F16: 7 | G16: 9 | H16: 8067 | I16: 4153300 | J16: =Table13[[#This Row],[property_value]]/Table13[[#This Row],[sqft]] -> 514.85063 | K16: zestimate | L16: Dock | M16: =IF(L16="Dock",50,IF(L16="Waterfront",40,IF(L16="Access",20,0)))+IF(I16>5000000,30,IF(I16>2000000,25,IF(I16>1000000,20,10)))+IF(H16>6000,15,IF(H16>4000,10,5))+IF(F16>=6,10,IF(F16>=4,5,0)) -> 100 | N16: =_xlfn.RANK.EQ(M16,$M$11:$M$68,0) -> 6 | O16: =IF(M16>=100,"Premier Dock Owner",IF(M16>=85,"High-Value Dock Owner",IF(M16>=65,"Waterfront / Access Prospect","Lower Priority"))) -> Premier Dock Owner | P16: =IF(O16="Premier Dock Owner","A",IF(O16="High-Value Dock Owner","B","C")) -> A | Q16: =IF(Table13[[#This Row],[target_priority]]="A","Direct Outreach",IF(Table13[[#This Row],[target_priority]]="B","Personalized Mail Campaign","Low Priority / Monitor")) -> Direct Outreach | R16: Recently Sold
A17: 53 Rosco Rd | C17: Lake Ozark | D17: MO | E17: 65049 | F17: 8 | G17: 7 | H17: 6058 | I17: 3695000 | J17: =Table13[[#This Row],[property_value]]/Table13[[#This Row],[sqft]] -> 609.93727 | L17: Dock | M17: =IF(L17="Dock",50,IF(L17="Waterfront",40,IF(L17="Access",20,0)))+IF(I17>5000000,30,IF(I17>2000000,25,IF(I17>1000000,20,10)))+IF(H17>6000,15,IF(H17>4000,10,5))+IF(F17>=6,10,IF(F17>=4,5,0)) -> 100 | N17: =_xlfn.RANK.EQ(M17,$M$11:$M$68,0) -> 6 | O17: =IF(M17>=100,"Premier Dock Owner",IF(M17>=85,"High-Value Dock Owner",IF(M17>=65,"Waterfront / Access Prospect","Lower Priority"))) -> Premier Dock Owner | P17: =IF(O17="Premier Dock Owner","A",IF(O17="High-Value Dock Owner","B","C")) -> A | Q17: =IF(Table13[[#This Row],[target_priority]]="A","Direct Outreach",IF(Table13[[#This Row],[target_priority]]="B","Personalized Mail Campaign","Low Priority / Monitor")) -> Direct Outreach | R17: Active Listing
A18: 33 Vista Ct | C18: Sunset Beach | D18: MO | E18: 65079 | F18: 5 | G18: 6 | H18: 10300 | I18: 8954000 | J18: =Table13[[#This Row],[property_value]]/Table13[[#This Row],[sqft]] -> 869.32039 | L18: Dock | M18: =IF(L18="Dock",50,IF(L18="Waterfront",40,IF(L18="Access",20,0)))+IF(I18>5000000,30,IF(I18>2000000,25,IF(I18>1000000,20,10)))+IF(H18>6000,15,IF(H18>4000,10,5))+IF(F18>=6,10,IF(F18>=4,5,0)) -> 100 | N18: =_xlfn.RANK.EQ(M18,$M$11:$M$68,0) -> 6 | O18: =IF(M18>=100,"Premier Dock Owner",IF(M18>=85,"High-Value Dock Owner",IF(M18>=65,"Waterfront / Access Prospect","Lower Priority"))) -> Premier Dock Owner | P18: =IF(O18="Premier Dock Owner","A",IF(O18="High-Value Dock Owner","B","C")) -> A | Q18: =IF(Table13[[#This Row],[target_priority]]="A","Direct Outreach",IF(Table13[[#This Row],[target_priority]]="B","Personalized Mail Campaign","Low Priority / Monitor")) -> Direct Outreach | R18: Active Listing
A19: 1294 Squire Ln | C19: Osage Beach | D19: MO | E19: 65065 | F19: 6 | G19: 7 | H19: 7315 | I19: 4950000 | J19: =Table13[[#This Row],[property_value]]/Table13[[#This Row],[sqft]] -> 676.69173 | L19: Dock | M19: =IF(L19="Dock",50,IF(L19="Waterfront",40,IF(L19="Access",20,0)))+IF(I19>5000000,30,IF(I19>2000000,25,IF(I19>1000000,20,10)))+IF(H19>6000,15,IF(H19>4000,10,5))+IF(F19>=6,10,IF(F19>=4,5,0)) -> 100 | N19: =_xlfn.RANK.EQ(M19,$M$11:$M$68,0) -> 6 | O19: =IF(M19>=100,"Premier Dock Owner",IF(M19>=85,"High-Value Dock Owner",IF(M19>=65,"Waterfront / Access Prospect","Lower Priority"))) -> Premier Dock Owner | P19: =IF(O19="Premier Dock Owner","A",IF(O19="High-Value Dock Owner","B","C")) -> A | Q19: =IF(Table13[[#This Row],[target_priority]]="A","Direct Outreach",IF(Table13[[#This Row],[target_priority]]="B","Personalized Mail Campaign","Low Priority / Monitor")) -> Direct Outreach | R19: Active Listing
A20: 924 Las Campanas | C20: Sunrise Beach | D20: MO | E20: 65079 | F20: 6 | G20: 5 | H20: 4334 | I20: 2043600 | J20: =Table13[[#This Row],[property_value]]/Table13[[#This Row],[sqft]] -> 471.52746 | K20: zestimate | L20: Dock | M20: =IF(L20="Dock",50,IF(L20="Waterfront",40,IF(L20="Access",20,0)))+IF(I20>5000000,30,IF(I20>2000000,25,IF(I20>1000000,20,10)))+IF(H20>6000,15,IF(H20>4000,10,5))+IF(F20>=6,10,IF(F20>=4,5,0)) -> 95 | N20: =_xlfn.RANK.EQ(M20,$M$11:$M$68,0) -> 10 | O20: =IF(M20>=100,"Premier Dock Owner",IF(M20>=85,"High-Value Dock Owner",IF(M20>=65,"Waterfront / Access Prospect","Lower Priority"))) -> High-Value Dock Owner | P20: =IF(O20="Premier Dock Owner","A",IF(O20="High-Value Dock Owner","B","C")) -> B | Q20: =IF(Table13[[#This Row],[target_priority]]="A","Direct Outreach",IF(Table13[[#This Row],[target_priority]]="B","Personalized Mail Campaign","Low Priority / Monitor")) -> Personalized Mail Campaign | R20: Recently Sold
A21: 300 Beachnut Dr | C21: Sunset Beach | D21: MO | E21: 65079 | F21: 5 | G21: 5 | H21: 5431 | I21: 5500000 | J21: =Table13[[#This Row],[property_value]]/Table13[[#This Row],[sqft]] -> 1012.7048 | L21: Dock | M21: =IF(L21="Dock",50,IF(L21="Waterfront",40,IF(L21="Access",20,0)))+IF(I21>5000000,30,IF(I21>2000000,25,IF(I21>1000000,20,10)))+IF(H21>6000,15,IF(H21>4000,10,5))+IF(F21>=6,10,IF(F21>=4,5,0)) -> 95 | N21: =_xlfn.RANK.EQ(M21,$M$11:$M$68,0) -> 10 | O21: =IF(M21>=100,"Premier Dock Owner",IF(M21>=85,"High-Value Dock Owner",IF(M21>=65,"Waterfront / Access Prospect","Lower Priority"))) -> High-Value Dock Owner | P21: =IF(O21="Premier Dock Owner","A",IF(O21="High-Value Dock Owner","B","C")) -> B | Q21: =IF(Table13[[#This Row],[target_priority]]="A","Direct Outreach",IF(Table13[[#This Row],[target_priority]]="B","Personalized Mail Campaign","Low Priority / Monitor")) -> Personalized Mail Campaign | R21: Active Listing
A22: 205 Beachnut Dr | C22: Sunset Beach | D22: MO | E22: 65079 | F22: 6 | G22: 6 | H22: 4834 | I22: 2490000 | J22: =Table13[[#This Row],[property_value]]/Table13[[#This Row],[sqft]] -> 515.10137 | L22: Dock | M22: =IF(L22="Dock",50,IF(L22="Waterfront",40,IF(L22="Access",20,0)))+IF(I22>5000000,30,IF(I22>2000000,25,IF(I22>1000000,20,10)))+IF(H22>6000,15,IF(H22>4000,10,5))+IF(F22>=6,10,IF(F22>=4,5,0)) -> 95 | N22: =_xlfn.RANK.EQ(M22,$M$11:$M$68,0) -> 10 | O22: =IF(M22>=100,"Premier Dock Owner",IF(M22>=85,"High-Value Dock Owner",IF(M22>=65,"Waterfront / Access Prospect","Lower Priority"))) -> High-Value Dock Owner | P22: =IF(O22="Premier Dock Owner","A",IF(O22="High-Value Dock Owner","B","C")) -> B | Q22: =IF(Table13[[#This Row],[target_priority]]="A","Direct Outreach",IF(Table13[[#This Row],[target_priority]]="B","Personalized Mail Campaign","Low Priority / Monitor")) -> Personalized Mail Campaign | R22: Active Listing
A23: 1254 Darwin Dr | C23: Osage Beach | D23: MO | E23: 65065 | F23: 4 | G23: 5 | H23: 6600 | I23: 2250000 | J23: =Table13[[#This Row],[property_value]]/Table13[[#This Row],[sqft]] -> 340.90909 | L23: Dock | M23: =IF(L23="Dock",50,IF(L23="Waterfront",40,IF(L23="Access",20,0)))+IF(I23>5000000,30,IF(I23>2000000,25,IF(I23>1000000,20,10)))+IF(H23>6000,15,IF(H23>4000,10,5))+IF(F23>=6,10,IF(F23>=4,5,0)) -> 95 | N23: =_xlfn.RANK.EQ(M23,$M$11:$M$68,0) -> 10 | O23: =IF(M23>=100,"Premier Dock Owner",IF(M23>=85,"High-Value Dock Owner",IF(M23>=65,"Waterfront / Access Prospect","Lower Priority"))) -> High-Value Dock Owner | P23: =IF(O23="Premier Dock Owner","A",IF(O23="High-Value Dock Owner","B","C")) -> B | Q23: =IF(Table13[[#This Row],[target_priority]]="A","Direct Outreach",IF(Table13[[#This Row],[target_priority]]="B","Personalized Mail Campaign","Low Priority / Monitor")) -> Personalized Mail Campaign | R23: Active Listing
A24: 29 Forest Trce | C24: Villages | D24: MO | E24: 65079 | F24: 6 | G24: 6 | H24: 5300 | I24: 3450000 | J24: =Table13[[#This Row],[property_value]]/Table13[[#This Row],[sqft]] -> 650.9434 | L24: Dock | M24: =IF(L24="Dock",50,IF(L24="Waterfront",40,IF(L24="Access",20,0)))+IF(I24>5000000,30,IF(I24>2000000,25,IF(I24>1000000,20,10)))+IF(H24>6000,15,IF(H24>4000,10,5))+IF(F24>=6,10,IF(F24>=4,5,0)) -> 95 | N24: =_xlfn.RANK.EQ(M24,$M$11:$M$68,0) -> 10 | O24: =IF(M24>=100,"Premier Dock Owner",IF(M24>=85,"High-Value Dock Owner",IF(M24>=65,"Waterfront / Access Prospect","Lower Priority"))) -> High-Value Dock Owner | P24: =IF(O24="Premier Dock Owner","A",IF(O24="High-Value Dock Owner","B","C")) -> B | Q24: =IF(Table13[[#This Row],[target_priority]]="A","Direct Outreach",IF(Table13[[#This Row],[target_priority]]="B","Personalized Mail Campaign","Low Priority / Monitor")) -> Personalized Mail Campaign | R24: Active Listing
A25: 1114 Grand Cove Rd | C25: Sunrise Beach | D25: MO | E25: 65079 | F25: 4 | G25: 5 | H25: 5710 | I25: 3271600 | J25: =Table13[[#This Row],[property_value]]/Table13[[#This Row],[sqft]] -> 572.95972 | K25: zestimate | L25: Dock | M25: =IF(L25="Dock",50,IF(L25="Waterfront",40,IF(L25="Access",20,0)))+IF(I25>5000000,30,IF(I25>2000000,25,IF(I25>1000000,20,10)))+IF(H25>6000,15,IF(H25>4000,10,5))+IF(F25>=6,10,IF(F25>=4,5,0)) -> 90 | N25: =_xlfn.RANK.EQ(M25,$M$11:$M$68,0) -> 15 | O25: =IF(M25>=100,"Premier Dock Owner",IF(M25>=85,"High-Value Dock Owner",IF(M25>=65,"Waterfront / Access Prospect","Lower Priority"))) -> High-Value Dock Owner | P25: =IF(O25="Premier Dock Owner","A",IF(O25="High-Value Dock Owner","B","C")) -> B | Q25: =IF(Table13[[#This Row],[target_priority]]="A","Direct Outreach",IF(Table13[[#This Row],[target_priority]]="B","Personalized Mail Campaign","Low Priority / Monitor")) -> Personalized Mail Campaign | R25: Recently Sold
A26: 377 Lake Dr | C26: Sunrise Beach | D26: MO | E26: 65079 | F26: 4 | G26: 5 | H26: 5105 | I26: 2249900 | J26: =Table13[[#This Row],[property_value]]/Table13[[#This Row],[sqft]] -> 440.72478 | K26: estimated | L26: Dock | M26: =IF(L26="Dock",50,IF(L26="Waterfront",40,IF(L26="Access",20,0)))+IF(I26>5000000,30,IF(I26>2000000,25,IF(I26>1000000,20,10)))+IF(H26>6000,15,IF(H26>4000,10,5))+IF(F26>=6,10,IF(F26>=4,5,0)) -> 90 | N26: =_xlfn.RANK.EQ(M26,$M$11:$M$68,0) -> 15 | O26: =IF(M26>=100,"Premier Dock Owner",IF(M26>=85,"High-Value Dock Owner",IF(M26>=65,"Waterfront / Access Prospect","Lower Priority"))) -> High-Value Dock Owner | P26: =IF(O26="Premier Dock Owner","A",IF(O26="High-Value Dock Owner","B","C")) -> B | Q26: =IF(Table13[[#This Row],[target_priority]]="A","Direct Outreach",IF(Table13[[#This Row],[target_priority]]="B","Personalized Mail Campaign","Low Priority / Monitor")) -> Personalized Mail Campaign | R26: Recently Sold
A27: 36 Via Preminenta | C27: Sunrise Beach | D27: MO | E27: 65079 | F27: 6 | G27: 7 | H27: 4864 | I27: 1905500 | J27: =Table13[[#This Row],[property_value]]/Table13[[#This Row],[sqft]] -> 391.75576 | K27: zestimate | L27: Dock | M27: =IF(L27="Dock",50,IF(L27="Waterfront",40,IF(L27="Access",20,0)))+IF(I27>5000000,30,IF(I27>2000000,25,IF(I27>1000000,20,10)))+IF(H27>6000,15,IF(H27>4000,10,5))+IF(F27>=6,10,IF(F27>=4,5,0)) -> 90 | N27: =_xlfn.RANK.EQ(M27,$M$11:$M$68,0) -> 15 | O27: =IF(M27>=100,"Premier Dock Owner",IF(M27>=85,"High-Value Dock Owner",IF(M27>=65,"Waterfront / Access Prospect","Lower Priority"))) -> High-Value Dock Owner | P27: =IF(O27="Premier Dock Owner","A",IF(O27="High-Value Dock Owner","B","C")) -> B | Q27: =IF(Table13[[#This Row],[target_priority]]="A","Direct Outreach",IF(Table13[[#This Row],[target_priority]]="B","Personalized Mail Campaign","Low Priority / Monitor")) -> Personalized Mail Campaign | R27: Recently Sold
A28: 387 Lake Dr, | C28: Sunrise Beach | D28: MO | E28: 65079 | F28: 4 | G28: 5 | H28: 4415 | I28: 2014900 | J28: =Table13[[#This Row],[property_value]]/Table13[[#This Row],[sqft]] -> 456.37599 | K28: zestimate | L28: Dock | M28: =IF(L28="Dock",50,IF(L28="Waterfront",40,IF(L28="Access",20,0)))+IF(I28>5000000,30,IF(I28>2000000,25,IF(I28>1000000,20,10)))+IF(H28>6000,15,IF(H28>4000,10,5))+IF(F28>=6,10,IF(F28>=4,5,0)) -> 90 | N28: =_xlfn.RANK.EQ(M28,$M$11:$M$68,0) -> 15 | O28: =IF(M28>=100,"Premier Dock Owner",IF(M28>=85,"High-Value Dock Owner",IF(M28>=65,"Waterfront / Access Prospect","Lower Priority"))) -> High-Value Dock Owner | P28: =IF(O28="Premier Dock Owner","A",IF(O28="High-Value Dock Owner","B","C")) -> B | Q28: =IF(Table13[[#This Row],[target_priority]]="A","Direct Outreach",IF(Table13[[#This Row],[target_priority]]="B","Personalized Mail Campaign","Low Priority / Monitor")) -> Personalized Mail Campaign | R28: Recently Sold
A29: 439 Redbud Ct | C29: Lake Ozark | D29: MO | E29: 65049 | F29: 5 | G29: 6 | H29: 4200 | I29: 2485000 | J29: =Table13[[#This Row],[property_value]]/Table13[[#This Row],[sqft]] -> 591.66667 | L29: Dock | M29: =IF(L29="Dock",50,IF(L29="Waterfront",40,IF(L29="Access",20,0)))+IF(I29>5000000,30,IF(I29>2000000,25,IF(I29>1000000,20,10)))+IF(H29>6000,15,IF(H29>4000,10,5))+IF(F29>=6,10,IF(F29>=4,5,0)) -> 90 | N29: =_xlfn.RANK.EQ(M29,$M$11:$M$68,0) -> 15 | O29: =IF(M29>=100,"Premier Dock Owner",IF(M29>=85,"High-Value Dock Owner",IF(M29>=65,"Waterfront / Access Prospect","Lower Priority"))) -> High-Value Dock Owner | P29: =IF(O29="Premier Dock Owner","A",IF(O29="High-Value Dock Owner","B","C")) -> B | Q29: =IF(Table13[[#This Row],[target_priority]]="A","Direct Outreach",IF(Table13[[#This Row],[target_priority]]="B","Personalized Mail Campaign","Low Priority / Monitor")) -> Personalized Mail Campaign | R29: Active Listing
A30: 820 Cedar Crest Dr | C30: Lake Ozark | D30: MO | E30: 65049 | F30: 5 | G30: 6 | H30: 6340 | I30: 1950000 | J30: =Table13[[#This Row],[property_value]]/Table13[[#This Row],[sqft]] -> 307.57098 | L30: Dock | M30: =IF(L30="Dock",50,IF(L30="Waterfront",40,IF(L30="Access",20,0)))+IF(I30>5000000,30,IF(I30>2000000,25,IF(I30>1000000,20,10)))+IF(H30>6000,15,IF(H30>4000,10,5))+IF(F30>=6,10,IF(F30>=4,5,0)) -> 90 | N30: =_xlfn.RANK.EQ(M30,$M$11:$M$68,0) -> 15 | O30: =IF(M30>=100,"Premier Dock Owner",IF(M30>=85,"High-Value Dock Owner",IF(M30>=65,"Waterfront / Access Prospect","Lower Priority"))) -> High-Value Dock Owner | P30: =IF(O30="Premier Dock Owner","A",IF(O30="High-Value Dock Owner","B","C")) -> B | Q30: =IF(Table13[[#This Row],[target_priority]]="A","Direct Outreach",IF(Table13[[#This Row],[target_priority]]="B","Personalized Mail Campaign","Low Priority / Monitor")) -> Personalized Mail Campaign | R30: Active Listing
A31: 186 Frudeger Rd | C31: Lake Ozark | D31: MO | E31: 65049 | F31: 8 | G31: 7 | H31: 5800 | I31: 1995000 | J31: =Table13[[#This Row],[property_value]]/Table13[[#This Row],[sqft]] -> 343.96552 | L31: Dock | M31: =IF(L31="Dock",50,IF(L31="Waterfront",40,IF(L31="Access",20,0)))+IF(I31>5000000,30,IF(I31>2000000,25,IF(I31>1000000,20,10)))+IF(H31>6000,15,IF(H31>4000,10,5))+IF(F31>=6,10,IF(F31>=4,5,0)) -> 90 | N31: =_xlfn.RANK.EQ(M31,$M$11:$M$68,0) -> 15 | O31: =IF(M31>=100,"Premier Dock Owner",IF(M31>=85,"High-Value Dock Owner",IF(M31>=65,"Waterfront / Access Prospect","Lower Priority"))) -> High-Value Dock Owner | P31: =IF(O31="Premier Dock Owner","A",IF(O31="High-Value Dock Owner","B","C")) -> B | Q31: =IF(Table13[[#This Row],[target_priority]]="A","Direct Outreach",IF(Table13[[#This Row],[target_priority]]="B","Personalized Mail Campaign","Low Priority / Monitor")) -> Personalized Mail Campaign | R31: Active Listing
A32: 283 & 298 Tropical Trail Rd | C32: Sunset Beach | D32: MO | E32: 65079 | F32: 9 | G32: 11 | H32: 5742 | I32: 1839900 | J32: =Table13[[#This Row],[property_value]]/Table13[[#This Row],[sqft]] -> 320.42842 | L32: Dock | M32: =IF(L32="Dock",50,IF(L32="Waterfront",40,IF(L32="Access",20,0)))+IF(I32>5000000,30,IF(I32>2000000,25,IF(I32>1000000,20,10)))+IF(H32>6000,15,IF(H32>4000,10,5))+IF(F32>=6,10,IF(F32>=4,5,0)) -> 90 | N32: =_xlfn.RANK.EQ(M32,$M$11:$M$68,0) -> 15 | O32: =IF(M32>=100,"Premier Dock Owner",IF(M32>=85,"High-Value Dock Owner",IF(M32>=65,"Waterfront / Access Prospect","Lower Priority"))) -> High-Value Dock Owner | P32: =IF(O32="Premier Dock Owner","A",IF(O32="High-Value Dock Owner","B","C")) -> B | Q32: =IF(Table13[[#This Row],[target_priority]]="A","Direct Outreach",IF(Table13[[#This Row],[target_priority]]="B","Personalized Mail Campaign","Low Priority / Monitor")) -> Personalized Mail Campaign | R32: Active Listing
A33: 50 Brookhaven Ct | C33: Sunset Beach | D33: MO | E33: 65079 | F33: 5 | G33: 5 | H33: 4616 | I33: 2895000 | J33: =Table13[[#This Row],[property_value]]/Table13[[#This Row],[sqft]] -> 627.16638 | L33: Dock | M33: =IF(L33="Dock",50,IF(L33="Waterfront",40,IF(L33="Access",20,0)))+IF(I33>5000000,30,IF(I33>2000000,25,IF(I33>1000000,20,10)))+IF(H33>6000,15,IF(H33>4000,10,5))+IF(F33>=6,10,IF(F33>=4,5,0)) -> 90 | N33: =_xlfn.RANK.EQ(M33,$M$11:$M$68,0) -> 15 | O33: =IF(M33>=100,"Premier Dock Owner",IF(M33>=85,"High-Value Dock Owner",IF(M33>=65,"Waterfront / Access Prospect","Lower Priority"))) -> High-Value Dock Owner | P33: =IF(O33="Premier Dock Owner","A",IF(O33="High-Value Dock Owner","B","C")) -> B | Q33: =IF(Table13[[#This Row],[target_priority]]="A","Direct Outreach",IF(Table13[[#This Row],[target_priority]]="B","Personalized Mail Campaign","Low Priority / Monitor")) -> Personalized Mail Campaign | R33: Active Listing
A34: 374 Lakeshore Dr | C34: Lake Ozark | D34: MO | E34: 65049 | F34: 5 | G34: 5 | H34: 5000 | I34: 1694900 | J34: =Table13[[#This Row],[property_value]]/Table13[[#This Row],[sqft]] -> 338.98 | K34: zestimate | L34: Dock | M34: =IF(L34="Dock",50,IF(L34="Waterfront",40,IF(L34="Access",20,0)))+IF(I34>5000000,30,IF(I34>2000000,25,IF(I34>1000000,20,10)))+IF(H34>6000,15,IF(H34>4000,10,5))+IF(F34>=6,10,IF(F34>=4,5,0)) -> 85 | N34: =_xlfn.RANK.EQ(M34,$M$11:$M$68,0) -> 24 | O34: =IF(M34>=100,"Premier Dock Owner",IF(M34>=85,"High-Value Dock Owner",IF(M34>=65,"Waterfront / Access Prospect","Lower Priority"))) -> High-Value Dock Owner | P34: =IF(O34="Premier Dock Owner","A",IF(O34="High-Value Dock Owner","B","C")) -> B | Q34: =IF(Table13[[#This Row],[target_priority]]="A","Direct Outreach",IF(Table13[[#This Row],[target_priority]]="B","Personalized Mail Campaign","Low Priority / Monitor")) -> Personalized Mail Campaign | R34: Recently Sold
A35: 825 Grand View Dr | C35: Sunrise Beach | D35: MO | E35: 65079 | F35: 5 | G35: 5 | H35: 4746 | I35: 1149800 | J35: =Table13[[#This Row],[property_value]]/Table13[[#This Row],[sqft]] -> 242.26717 | K35: zestimate | L35: Dock | M35: =IF(L35="Dock",50,IF(L35="Waterfront",40,IF(L35="Access",20,0)))+IF(I35>5000000,30,IF(I35>2000000,25,IF(I35>1000000,20,10)))+IF(H35>6000,15,IF(H35>4000,10,5))+IF(F35>=6,10,IF(F35>=4,5,0)) -> 85 | N35: =_xlfn.RANK.EQ(M35,$M$11:$M$68,0) -> 24 | O35: =IF(M35>=100,"Premier Dock Owner",IF(M35>=85,"High-Value Dock Owner",IF(M35>=65,"Waterfront / Access Prospect","Lower Priority"))) -> High-Value Dock Owner | P35: =IF(O35="Premier Dock Owner","A",IF(O35="High-Value Dock Owner","B","C")) -> B | Q35: =IF(Table13[[#This Row],[target_priority]]="A","Direct Outreach",IF(Table13[[#This Row],[target_priority]]="B","Personalized Mail Campaign","Low Priority / Monitor")) -> Personalized Mail Campaign | R35: Recently Sold
A36: 853 Sweetwater Dr | C36: Four Seasons | D36: MO | E36: 65049 | F36: 5 | G36: 5 | H36: 5765 | I36: 1288900 | J36: =Table13[[#This Row],[property_value]]/Table13[[#This Row],[sqft]] -> 223.57329 | K36: zestimate | L36: Dock | M36: =IF(L36="Dock",50,IF(L36="Waterfront",40,IF(L36="Access",20,0)))+IF(I36>5000000,30,IF(I36>2000000,25,IF(I36>1000000,20,10)))+IF(H36>6000,15,IF(H36>4000,10,5))+IF(F36>=6,10,IF(F36>=4,5,0)) -> 85 | N36: =_xlfn.RANK.EQ(M36,$M$11:$M$68,0) -> 24 | O36: =IF(M36>=100,"Premier Dock Owner",IF(M36>=85,"High-Value Dock Owner",IF(M36>=65,"Waterfront / Access Prospect","Lower Priority"))) -> High-Value Dock Owner | P36: =IF(O36="Premier Dock Owner","A",IF(O36="High-Value Dock Owner","B","C")) -> B | Q36: =IF(Table13[[#This Row],[target_priority]]="A","Direct Outreach",IF(Table13[[#This Row],[target_priority]]="B","Personalized Mail Campaign","Low Priority / Monitor")) -> Personalized Mail Campaign | R36: Recently Sold
A37: 644 Twin Valley Loop | C37: Linn Creek | D37: MO | E37: 65052 | F37: 5 | G37: 4 | H37: 4400 | I37: 1059800 | J37: =Table13[[#This Row],[property_value]]/Table13[[#This Row],[sqft]] -> 240.86364 | K37: zestimate | L37: Dock | M37: =IF(L37="Dock",50,IF(L37="Waterfront",40,IF(L37="Access",20,0)))+IF(I37>5000000,30,IF(I37>2000000,25,IF(I37>1000000,20,10)))+IF(H37>6000,15,IF(H37>4000,10,5))+IF(F37>=6,10,IF(F37>=4,5,0)) -> 85 | N37: =_xlfn.RANK.EQ(M37,$M$11:$M$68,0) -> 24 | O37: =IF(M37>=100,"Premier Dock Owner",IF(M37>=85,"High-Value Dock Owner",IF(M37>=65,"Waterfront / Access Prospect","Lower Priority"))) -> High-Value Dock Owner | P37: =IF(O37="Premier Dock Owner","A",IF(O37="High-Value Dock Owner","B","C")) -> B | Q37: =IF(Table13[[#This Row],[target_priority]]="A","Direct Outreach",IF(Table13[[#This Row],[target_priority]]="B","Personalized Mail Campaign","Low Priority / Monitor")) -> Personalized Mail Campaign | R37: Recently Sold
A38: 25 Elm Ct | C38: Lake Ozark | D38: MO | E38: 65049 | F38: 5 | G38: 6 | H38: 4575 | I38: 1639800 | J38: =Table13[[#This Row],[property_value]]/Table13[[#This Row],[sqft]] -> 358.42623 | K38: zestimate | L38: Dock | M38: =IF(L38="Dock",50,IF(L38="Waterfront",40,IF(L38="Access",20,0)))+IF(I38>5000000,30,IF(I38>2000000,25,IF(I38>1000000,20,10)))+IF(H38>6000,15,IF(H38>4000,10,5))+IF(F38>=6,10,IF(F38>=4,5,0)) -> 85 | N38: =_xlfn.RANK.EQ(M38,$M$11:$M$68,0) -> 24 | O38: =IF(M38>=100,"Premier Dock Owner",IF(M38>=85,"High-Value Dock Owner",IF(M38>=65,"Waterfront / Access Prospect","Lower Priority"))) -> High-Value Dock Owner | P38: =IF(O38="Premier Dock Owner","A",IF(O38="High-Value Dock Owner","B","C")) -> B | Q38: =IF(Table13[[#This Row],[target_priority]]="A","Direct Outreach",IF(Table13[[#This Row],[target_priority]]="B","Personalized Mail Campaign","Low Priority / Monitor")) -> Personalized Mail Campaign | R38: Recently Sold
A39: 446 Sioux Rd | C39: Lake Ozark | D39: MO | E39: 65049 | F39: 4 | G39: 5 | H39: 4368 | I39: 1517500 | J39: =Table13[[#This Row],[property_value]]/Table13[[#This Row],[sqft]] -> 347.413 | K39: zestimate | L39: Dock | M39: =IF(L39="Dock",50,IF(L39="Waterfront",40,IF(L39="Access",20,0)))+IF(I39>5000000,30,IF(I39>2000000,25,IF(I39>1000000,20,10)))+IF(H39>6000,15,IF(H39>4000,10,5))+IF(F39>=6,10,IF(F39>=4,5,0)) -> 85 | N39: =_xlfn.RANK.EQ(M39,$M$11:$M$68,0) -> 24 | O39: =IF(M39>=100,"Premier Dock Owner",IF(M39>=85,"High-Value Dock Owner",IF(M39>=65,"Waterfront / Access Prospect","Lower Priority"))) -> High-Value Dock Owner | P39: =IF(O39="Premier Dock Owner","A",IF(O39="High-Value Dock Owner","B","C")) -> B | Q39: =IF(Table13[[#This Row],[target_priority]]="A","Direct Outreach",IF(Table13[[#This Row],[target_priority]]="B","Personalized Mail Campaign","Low Priority / Monitor")) -> Personalized Mail Campaign | R39: Recently Sold
A40: 853 Sweetwater Dr | C40: Four Seasons | D40: MO | E40: 65049 | F40: 5 | G40: 5 | H40: 5765 | I40: 1288900 | J40: =Table13[[#This Row],[property_value]]/Table13[[#This Row],[sqft]] -> 223.57329 | K40: zestimate | L40: Dock | M40: =IF(L40="Dock",50,IF(L40="Waterfront",40,IF(L40="Access",20,0)))+IF(I40>5000000,30,IF(I40>2000000,25,IF(I40>1000000,20,10)))+IF(H40>6000,15,IF(H40>4000,10,5))+IF(F40>=6,10,IF(F40>=4,5,0)) -> 85 | N40: =_xlfn.RANK.EQ(M40,$M$11:$M$68,0) -> 24 | O40: =IF(M40>=100,"Premier Dock Owner",IF(M40>=85,"High-Value Dock Owner",IF(M40>=65,"Waterfront / Access Prospect","Lower Priority"))) -> High-Value Dock Owner | P40: =IF(O40="Premier Dock Owner","A",IF(O40="High-Value Dock Owner","B","C")) -> B | Q40: =IF(Table13[[#This Row],[target_priority]]="A","Direct Outreach",IF(Table13[[#This Row],[target_priority]]="B","Personalized Mail Campaign","Low Priority / Monitor")) -> Personalized Mail Campaign | R40: Recently Sold
A41: 507 Redbud Ct | C41: Lake Ozark | D41: MO | E41: 65049 | F41: 5 | G41: 7 | H41: 3950 | I41: 2320000 | J41: =Table13[[#This Row],[property_value]]/Table13[[#This Row],[sqft]] -> 587.34177 | L41: Dock | M41: =IF(L41="Dock",50,IF(L41="Waterfront",40,IF(L41="Access",20,0)))+IF(I41>5000000,30,IF(I41>2000000,25,IF(I41>1000000,20,10)))+IF(H41>6000,15,IF(H41>4000,10,5))+IF(F41>=6,10,IF(F41>=4,5,0)) -> 85 | N41: =_xlfn.RANK.EQ(M41,$M$11:$M$68,0) -> 24 | O41: =IF(M41>=100,"Premier Dock Owner",IF(M41>=85,"High-Value Dock Owner",IF(M41>=65,"Waterfront / Access Prospect","Lower Priority"))) -> High-Value Dock Owner | P41: =IF(O41="Premier Dock Owner","A",IF(O41="High-Value Dock Owner","B","C")) -> B | Q41: =IF(Table13[[#This Row],[target_priority]]="A","Direct Outreach",IF(Table13[[#This Row],[target_priority]]="B","Personalized Mail Campaign","Low Priority / Monitor")) -> Personalized Mail Campaign | R41: Active Listing
A42: 1258 Bonard Ln | C42: Osage Beach | D42: MO | E42: 65065 | F42: 6 | G42: 6 | H42: 3903 | I42: 1599000 | J42: =Table13[[#This Row],[property_value]]/Table13[[#This Row],[sqft]] -> 409.68486 | L42: Dock | M42: =IF(L42="Dock",50,IF(L42="Waterfront",40,IF(L42="Access",20,0)))+IF(I42>5000000,30,IF(I42>2000000,25,IF(I42>1000000,20,10)))+IF(H42>6000,15,IF(H42>4000,10,5))+IF(F42>=6,10,IF(F42>=4,5,0)) -> 85 | N42: =_xlfn.RANK.EQ(M42,$M$11:$M$68,0) -> 24 | O42: =IF(M42>=100,"Premier Dock Owner",IF(M42>=85,"High-Value Dock Owner",IF(M42>=65,"Waterfront / Access Prospect","Lower Priority"))) -> High-Value Dock Owner | P42: =IF(O42="Premier Dock Owner","A",IF(O42="High-Value Dock Owner","B","C")) -> B | Q42: =IF(Table13[[#This Row],[target_priority]]="A","Direct Outreach",IF(Table13[[#This Row],[target_priority]]="B","Personalized Mail Campaign","Low Priority / Monitor")) -> Personalized Mail Campaign | R42: Active Listing
A43: 63 Pebble Beach Dr | C43: Sunrise Beach | D43: MO | E43: 65079 | F43: 4 | G43: 5 | H43: 3500 | I43: 1295100 | J43: =Table13[[#This Row],[property_value]]/Table13[[#This Row],[sqft]] -> 370.02857 | K43: zestimate | L43: Dock | M43: =IF(L43="Dock",50,IF(L43="Waterfront",40,IF(L43="Access",20,0)))+IF(I43>5000000,30,IF(I43>2000000,25,IF(I43>1000000,20,10)))+IF(H43>6000,15,IF(H43>4000,10,5))+IF(F43>=6,10,IF(F43>=4,5,0)) -> 80 | N43: =_xlfn.RANK.EQ(M43,$M$11:$M$68,0) -> 33 | O43: =IF(M43>=100,"Premier Dock Owner",IF(M43>=85,"High-Value Dock Owner",IF(M43>=65,"Waterfront / Access Prospect","Lower Priority"))) -> Waterfront / Access Prospect | P43: =IF(O43="Premier Dock Owner","A",IF(O43="High-Value Dock Owner","B","C")) -> C | Q43: =IF(Table13[[#This Row],[target_priority]]="A","Direct Outreach",IF(Table13[[#This Row],[target_priority]]="B","Personalized Mail Campaign","Low Priority / Monitor")) -> Low Priority / Monitor | R43: Recently Sold
A44: 4506 Deer Run Dr | C44: Osage Beach | D44: MO | E44: 65079 | F44: 5 | G44: 4 | H44: 2856 | I44: 1095600 | J44: =Table13[[#This Row],[property_value]]/Table13[[#This Row],[sqft]] -> 383.61345 | K44: zestimate | L44: Dock | M44: =IF(L44="Dock",50,IF(L44="Waterfront",40,IF(L44="Access",20,0)))+IF(I44>5000000,30,IF(I44>2000000,25,IF(I44>1000000,20,10)))+IF(H44>6000,15,IF(H44>4000,10,5))+IF(F44>=6,10,IF(F44>=4,5,0)) -> 80 | N44: =_xlfn.RANK.EQ(M44,$M$11:$M$68,0) -> 33 | O44: =IF(M44>=100,"Premier Dock Owner",IF(M44>=85,"High-Value Dock Owner",IF(M44>=65,"Waterfront / Access Prospect","Lower Priority"))) -> Waterfront / Access Prospect | P44: =IF(O44="Premier Dock Owner","A",IF(O44="High-Value Dock Owner","B","C")) -> C | Q44: =IF(Table13[[#This Row],[target_priority]]="A","Direct Outreach",IF(Table13[[#This Row],[target_priority]]="B","Personalized Mail Campaign","Low Priority / Monitor")) -> Low Priority / Monitor | R44: Recently Sold
A45: 740 Mistwood Bluff Rd | C45: Camdenton | D45: MO | E45: 65020 | F45: 4 | G45: 4 | H45: 3150 | I45: 1025000 | J45: =Table13[[#This Row],[property_value]]/Table13[[#This Row],[sqft]] -> 325.39683 | K45: zestimate | L45: Dock | M45: =IF(L45="Dock",50,IF(L45="Waterfront",40,IF(L45="Access",20,0)))+IF(I45>5000000,30,IF(I45>2000000,25,IF(I45>1000000,20,10)))+IF(H45>6000,15,IF(H45>4000,10,5))+IF(F45>=6,10,IF(F45>=4,5,0)) -> 80 | N45: =_xlfn.RANK.EQ(M45,$M$11:$M$68,0) -> 33 | O45: =IF(M45>=100,"Premier Dock Owner",IF(M45>=85,"High-Value Dock Owner",IF(M45>=65,"Waterfront / Access Prospect","Lower Priority"))) -> Waterfront / Access Prospect | P45: =IF(O45="Premier Dock Owner","A",IF(O45="High-Value Dock Owner","B","C")) -> C | Q45: =IF(Table13[[#This Row],[target_priority]]="A","Direct Outreach",IF(Table13[[#This Row],[target_priority]]="B","Personalized Mail Campaign","Low Priority / Monitor")) -> Low Priority / Monitor | R45: Recently Sold
A46: 2243 Peninsula Ct | C46: Camdenton | D46: MO | E46: 65065 | F46: 4 | G46: 3 | H46: 3300 | I46: 1341900 | J46: =Table13[[#This Row],[property_value]]/Table13[[#This Row],[sqft]] -> 406.63636 | K46: zestimate | L46: Dock | M46: =IF(L46="Dock",50,IF(L46="Waterfront",40,IF(L46="Access",20,0)))+IF(I46>5000000,30,IF(I46>2000000,25,IF(I46>1000000,20,10)))+IF(H46>6000,15,IF(H46>4000,10,5))+IF(F46>=6,10,IF(F46>=4,5,0)) -> 80 | N46: =_xlfn.RANK.EQ(M46,$M$11:$M$68,0) -> 33 | O46: =IF(M46>=100,"Premier Dock Owner",IF(M46>=85,"High-Value Dock Owner",IF(M46>=65,"Waterfront / Access Prospect","Lower Priority"))) -> Waterfront / Access Prospect | P46: =IF(O46="Premier Dock Owner","A",IF(O46="High-Value Dock Owner","B","C")) -> C | Q46: =IF(Table13[[#This Row],[target_priority]]="A","Direct Outreach",IF(Table13[[#This Row],[target_priority]]="B","Personalized Mail Campaign","Low Priority / Monitor")) -> Low Priority / Monitor | R46: Recently Sold
A47: 439 Beacon Point | C47: Sunrise Beach | D47: MO | E47: 65079 | F47: 3 | G47: 4 | H47: 2200 | I47: 2799100 | J47: =Table13[[#This Row],[property_value]]/Table13[[#This Row],[sqft]] -> 1272.3182 | K47: zestimate | L47: Dock | M47: =IF(L47="Dock",50,IF(L47="Waterfront",40,IF(L47="Access",20,0)))+IF(I47>5000000,30,IF(I47>2000000,25,IF(I47>1000000,20,10)))+IF(H47>6000,15,IF(H47>4000,10,5))+IF(F47>=6,10,IF(F47>=4,5,0)) -> 80 | N47: =_xlfn.RANK.EQ(M47,$M$11:$M$68,0) -> 33 | O47: =IF(M47>=100,"Premier Dock Owner",IF(M47>=85,"High-Value Dock Owner",IF(M47>=65,"Waterfront / Access Prospect","Lower Priority"))) -> Waterfront / Access Prospect | P47: =IF(O47="Premier Dock Owner","A",IF(O47="High-Value Dock Owner","B","C")) -> C | Q47: =IF(Table13[[#This Row],[target_priority]]="A","Direct Outreach",IF(Table13[[#This Row],[target_priority]]="B","Personalized Mail Campaign","Low Priority / Monitor")) -> Low Priority / Monitor | R47: Recently Sold
A48: 851 Via Appia Dr | C48: Sunrise Beach | D48: MO | E48: 65079 | F48: 4 | G48: 5 | H48: 3650 | I48: 1767800 | J48: =Table13[[#This Row],[property_value]]/Table13[[#This Row],[sqft]] -> 484.32877 | K48: zestimate | L48: Dock | M48: =IF(L48="Dock",50,IF(L48="Waterfront",40,IF(L48="Access",20,0)))+IF(I48>5000000,30,IF(I48>2000000,25,IF(I48>1000000,20,10)))+IF(H48>6000,15,IF(H48>4000,10,5))+IF(F48>=6,10,IF(F48>=4,5,0)) -> 80 | N48: =_xlfn.RANK.EQ(M48,$M$11:$M$68,0) -> 33 | O48: =IF(M48>=100,"Premier Dock Owner",IF(M48>=85,"High-Value Dock Owner",IF(M48>=65,"Waterfront / Access Prospect","Lower Priority"))) -> Waterfront / Access Prospect | P48: =IF(O48="Premier Dock Owner","A",IF(O48="High-Value Dock Owner","B","C")) -> C | Q48: =IF(Table13[[#This Row],[target_priority]]="A","Direct Outreach",IF(Table13[[#This Row],[target_priority]]="B","Personalized Mail Campaign","Low Priority / Monitor")) -> Low Priority / Monitor | R48: Recently Sold
A49: 5500 Stone Ledge Cir | C49: Osage Beach | D49: MO | E49: 65065 | F49: 4 | G49: 4 | H49: 3944 | I49: 1476300 | J49: =Table13[[#This Row],[property_value]]/Table13[[#This Row],[sqft]] -> 374.31542 | K49: zestimate | L49: Dock | M49: =IF(L49="Dock",50,IF(L49="Waterfront",40,IF(L49="Access",20,0)))+IF(I49>5000000,30,IF(I49>2000000,25,IF(I49>1000000,20,10)))+IF(H49>6000,15,IF(H49>4000,10,5))+IF(F49>=6,10,IF(F49>=4,5,0)) -> 80 | N49: =_xlfn.RANK.EQ(M49,$M$11:$M$68,0) -> 33 | O49: =IF(M49>=100,"Premier Dock Owner",IF(M49>=85,"High-Value Dock Owner",IF(M49>=65,"Waterfront / Access Prospect","Lower Priority"))) -> Waterfront / Access Prospect | P49: =IF(O49="Premier Dock Owner","A",IF(O49="High-Value Dock Owner","B","C")) -> C | Q49: =IF(Table13[[#This Row],[target_priority]]="A","Direct Outreach",IF(Table13[[#This Row],[target_priority]]="B","Personalized Mail Campaign","Low Priority / Monitor")) -> Low Priority / Monitor | R49: Recently Sold
A50: 1120 Cornett Branch Rd | C50: Lake Ozark | D50: MO | E50: 65049 | F50: 4 | G50: 5 | H50: 3828 | I50: 1389600 | J50: =Table13[[#This Row],[property_value]]/Table13[[#This Row],[sqft]] -> 363.0094 | K50: zestimate | L50: Dock | M50: =IF(L50="Dock",50,IF(L50="Waterfront",40,IF(L50="Access",20,0)))+IF(I50>5000000,30,IF(I50>2000000,25,IF(I50>1000000,20,10)))+IF(H50>6000,15,IF(H50>4000,10,5))+IF(F50>=6,10,IF(F50>=4,5,0)) -> 80 | N50: =_xlfn.RANK.EQ(M50,$M$11:$M$68,0) -> 33 | O50: =IF(M50>=100,"Premier Dock Owner",IF(M50>=85,"High-Value Dock Owner",IF(M50>=65,"Waterfront / Access Prospect","Lower Priority"))) -> Waterfront / Access Prospect | P50: =IF(O50="Premier Dock Owner","A",IF(O50="High-Value Dock Owner","B","C")) -> C | Q50: =IF(Table13[[#This Row],[target_priority]]="A","Direct Outreach",IF(Table13[[#This Row],[target_priority]]="B","Personalized Mail Campaign","Low Priority / Monitor")) -> Low Priority / Monitor | R50: Recently Sold
A51: 498 Wilmore Rd | C51: Lake Ozark | D51: MO | E51: 65049 | F51: 5 | G51: 4 | H51: 2960 | I51: 1149995 | J51: =Table13[[#This Row],[property_value]]/Table13[[#This Row],[sqft]] -> 388.51182 | L51: Dock | M51: =IF(L51="Dock",50,IF(L51="Waterfront",40,IF(L51="Access",20,0)))+IF(I51>5000000,30,IF(I51>2000000,25,IF(I51>1000000,20,10)))+IF(H51>6000,15,IF(H51>4000,10,5))+IF(F51>=6,10,IF(F51>=4,5,0)) -> 80 | N51: =_xlfn.RANK.EQ(M51,$M$11:$M$68,0) -> 33 | O51: =IF(M51>=100,"Premier Dock Owner",IF(M51>=85,"High-Value Dock Owner",IF(M51>=65,"Waterfront / Access Prospect","Lower Priority"))) -> Waterfront / Access Prospect | P51: =IF(O51="Premier Dock Owner","A",IF(O51="High-Value Dock Owner","B","C")) -> C | Q51: =IF(Table13[[#This Row],[target_priority]]="A","Direct Outreach",IF(Table13[[#This Row],[target_priority]]="B","Personalized Mail Campaign","Low Priority / Monitor")) -> Low Priority / Monitor | R51: Active Listing
A52: 180 Borders Dr | C52: Lake Ozark | D52: MO | E52: 65049 | F52: 6 | G52: 5 | H52: 4134 | I52: 899000 | J52: =Table13[[#This Row],[property_value]]/Table13[[#This Row],[sqft]] -> 217.46493 | L52: Dock | M52: =IF(L52="Dock",50,IF(L52="Waterfront",40,IF(L52="Access",20,0)))+IF(I52>5000000,30,IF(I52>2000000,25,IF(I52>1000000,20,10)))+IF(H52>6000,15,IF(H52>4000,10,5))+IF(F52>=6,10,IF(F52>=4,5,0)) -> 80 | N52: =_xlfn.RANK.EQ(M52,$M$11:$M$68,0) -> 33 | O52: =IF(M52>=100,"Premier Dock Owner",IF(M52>=85,"High-Value Dock Owner",IF(M52>=65,"Waterfront / Access Prospect","Lower Priority"))) -> Waterfront / Access Prospect | P52: =IF(O52="Premier Dock Owner","A",IF(O52="High-Value Dock Owner","B","C")) -> C | Q52: =IF(Table13[[#This Row],[target_priority]]="A","Direct Outreach",IF(Table13[[#This Row],[target_priority]]="B","Personalized Mail Campaign","Low Priority / Monitor")) -> Low Priority / Monitor | R52: Active Listing
A53: 1479 Cedar Village Rd | C53: Osage Beach | D53: MO | E53: 65065 | F53: 4 | G53: 5 | H53: 3421 | I53: 1499000 | J53: =Table13[[#This Row],[property_value]]/Table13[[#This Row],[sqft]] -> 438.17597 | L53: Dock | M53: =IF(L53="Dock",50,IF(L53="Waterfront",40,IF(L53="Access",20,0)))+IF(I53>5000000,30,IF(I53>2000000,25,IF(I53>1000000,20,10)))+IF(H53>6000,15,IF(H53>4000,10,5))+IF(F53>=6,10,IF(F53>=4,5,0)) -> 80 | N53: =_xlfn.RANK.EQ(M53,$M$11:$M$68,0) -> 33 | O53: =IF(M53>=100,"Premier Dock Owner",IF(M53>=85,"High-Value Dock Owner",IF(M53>=65,"Waterfront / Access Prospect","Lower Priority"))) -> Waterfront / Access Prospect | P53: =IF(O53="Premier Dock Owner","A",IF(O53="High-Value Dock Owner","B","C")) -> C | Q53: =IF(Table13[[#This Row],[target_priority]]="A","Direct Outreach",IF(Table13[[#This Row],[target_priority]]="B","Personalized Mail Campaign","Low Priority / Monitor")) -> Low Priority / Monitor | R53: Active Listing
A54: 4452 Hamrock Ln | C54: Osage Beach | D54: MO | E54: 65065 | F54: 4 | G54: 7 | H54: 3028 | I54: 1350000 | J54: =Table13[[#This Row],[property_value]]/Table13[[#This Row],[sqft]] -> 445.83884 | L54: Dock | M54: =IF(L54="Dock",50,IF(L54="Waterfront",40,IF(L54="Access",20,0)))+IF(I54>5000000,30,IF(I54>2000000,25,IF(I54>1000000,20,10)))+IF(H54>6000,15,IF(H54>4000,10,5))+IF(F54>=6,10,IF(F54>=4,5,0)) -> 80 | N54: =_xlfn.RANK.EQ(M54,$M$11:$M$68,0) -> 33 | O54: =IF(M54>=100,"Premier Dock Owner",IF(M54>=85,"High-Value Dock Owner",IF(M54>=65,"Waterfront / Access Prospect","Lower Priority"))) -> Waterfront / Access Prospect | P54: =IF(O54="Premier Dock Owner","A",IF(O54="High-Value Dock Owner","B","C")) -> C | Q54: =IF(Table13[[#This Row],[target_priority]]="A","Direct Outreach",IF(Table13[[#This Row],[target_priority]]="B","Personalized Mail Campaign","Low Priority / Monitor")) -> Low Priority / Monitor | R54: Active Listing
A55: 148 Old English Point | C55: Sunset Beach | D55: MO | E55: 65079 | F55: 5 | G55: 6 | H55: 3686 | I55: 1599000 | J55: =Table13[[#This Row],[property_value]]/Table13[[#This Row],[sqft]] -> 433.80358 | L55: Dock | M55: =IF(L55="Dock",50,IF(L55="Waterfront",40,IF(L55="Access",20,0)))+IF(I55>5000000,30,IF(I55>2000000,25,IF(I55>1000000,20,10)))+IF(H55>6000,15,IF(H55>4000,10,5))+IF(F55>=6,10,IF(F55>=4,5,0)) -> 80 | N55: =_xlfn.RANK.EQ(M55,$M$11:$M$68,0) -> 33 | O55: =IF(M55>=100,"Premier Dock Owner",IF(M55>=85,"High-Value Dock Owner",IF(M55>=65,"Waterfront / Access Prospect","Lower Priority"))) -> Waterfront / Access Prospect | P55: =IF(O55="Premier Dock Owner","A",IF(O55="High-Value Dock Owner","B","C")) -> C | Q55: =IF(Table13[[#This Row],[target_priority]]="A","Direct Outreach",IF(Table13[[#This Row],[target_priority]]="B","Personalized Mail Campaign","Low Priority / Monitor")) -> Low Priority / Monitor | R55: Active Listing
A56: 331 Hollow Oak Rd | C56: Sunset Beach | D56: MO | E56: 65079 | F56: 4 | G56: 5 | H56: 3246 | I56: 1250000 | J56: =Table13[[#This Row],[property_value]]/Table13[[#This Row],[sqft]] -> 385.08934 | L56: Dock | M56: =IF(L56="Dock",50,IF(L56="Waterfront",40,IF(L56="Access",20,0)))+IF(I56>5000000,30,IF(I56>2000000,25,IF(I56>1000000,20,10)))+IF(H56>6000,15,IF(H56>4000,10,5))+IF(F56>=6,10,IF(F56>=4,5,0)) -> 80 | N56: =_xlfn.RANK.EQ(M56,$M$11:$M$68,0) -> 33 | O56: =IF(M56>=100,"Premier Dock Owner",IF(M56>=85,"High-Value Dock Owner",IF(M56>=65,"Waterfront / Access Prospect","Lower Priority"))) -> Waterfront / Access Prospect | P56: =IF(O56="Premier Dock Owner","A",IF(O56="High-Value Dock Owner","B","C")) -> C | Q56: =IF(Table13[[#This Row],[target_priority]]="A","Direct Outreach",IF(Table13[[#This Row],[target_priority]]="B","Personalized Mail Campaign","Low Priority / Monitor")) -> Low Priority / Monitor | R56: Active Listing
A57: 5590 Alona Point | C57: Osage Beach | D57: MO | E57: 65065 | F57: 4 | G57: 4 | H57: 3236 | I57: 1785000 | J57: =Table13[[#This Row],[property_value]]/Table13[[#This Row],[sqft]] -> 551.60692 | L57: Dock | M57: =IF(L57="Dock",50,IF(L57="Waterfront",40,IF(L57="Access",20,0)))+IF(I57>5000000,30,IF(I57>2000000,25,IF(I57>1000000,20,10)))+IF(H57>6000,15,IF(H57>4000,10,5))+IF(F57>=6,10,IF(F57>=4,5,0)) -> 80 | N57: =_xlfn.RANK.EQ(M57,$M$11:$M$68,0) -> 33 | O57: =IF(M57>=100,"Premier Dock Owner",IF(M57>=85,"High-Value Dock Owner",IF(M57>=65,"Waterfront / Access Prospect","Lower Priority"))) -> Waterfront / Access Prospect | P57: =IF(O57="Premier Dock Owner","A",IF(O57="High-Value Dock Owner","B","C")) -> C | Q57: =IF(Table13[[#This Row],[target_priority]]="A","Direct Outreach",IF(Table13[[#This Row],[target_priority]]="B","Personalized Mail Campaign","Low Priority / Monitor")) -> Low Priority / Monitor | R57: Active Listing
A58: 1330 Palisades Dr | C58: Four Seasons | D58: MO | E58: 65049 | F58: 5 | G58: 6 | H58: 3702 | I58: 1950000 | J58: =Table13[[#This Row],[property_value]]/Table13[[#This Row],[sqft]] -> 526.7423 | L58: Dock | M58: =IF(L58="Dock",50,IF(L58="Waterfront",40,IF(L58="Access",20,0)))+IF(I58>5000000,30,IF(I58>2000000,25,IF(I58>1000000,20,10)))+IF(H58>6000,15,IF(H58>4000,10,5))+IF(F58>=6,10,IF(F58>=4,5,0)) -> 80 | N58: =_xlfn.RANK.EQ(M58,$M$11:$M$68,0) -> 33 | O58: =IF(M58>=100,"Premier Dock Owner",IF(M58>=85,"High-Value Dock Owner",IF(M58>=65,"Waterfront / Access Prospect","Lower Priority"))) -> Waterfront / Access Prospect | P58: =IF(O58="Premier Dock Owner","A",IF(O58="High-Value Dock Owner","B","C")) -> C | Q58: =IF(Table13[[#This Row],[target_priority]]="A","Direct Outreach",IF(Table13[[#This Row],[target_priority]]="B","Personalized Mail Campaign","Low Priority / Monitor")) -> Low Priority / Monitor | R58: Active Listing
A59: 255 Waterford Ter | C59: Sunrise Beach | D59: MO | E59: 65079 | F59: 5 | G59: 5 | H59: 5262 | I59: 1815300 | J59: =Table13[[#This Row],[property_value]]/Table13[[#This Row],[sqft]] -> 344.9829 | K59: zestimate | L59: Waterfront | M59: =IF(L59="Dock",50,IF(L59="Waterfront",40,IF(L59="Access",20,0)))+IF(I59>5000000,30,IF(I59>2000000,25,IF(I59>1000000,20,10)))+IF(H59>6000,15,IF(H59>4000,10,5))+IF(F59>=6,10,IF(F59>=4,5,0)) -> 75 | N59: =_xlfn.RANK.EQ(M59,$M$11:$M$68,0) -> 49 | O59: =IF(M59>=100,"Premier Dock Owner",IF(M59>=85,"High-Value Dock Owner",IF(M59>=65,"Waterfront / Access Prospect","Lower Priority"))) -> Waterfront / Access Prospect | P59: =IF(O59="Premier Dock Owner","A",IF(O59="High-Value Dock Owner","B","C")) -> C | Q59: =IF(Table13[[#This Row],[target_priority]]="A","Direct Outreach",IF(Table13[[#This Row],[target_priority]]="B","Personalized Mail Campaign","Low Priority / Monitor")) -> Low Priority / Monitor | R59: Recently Sold
A60: 1019 Beacon Ridge Dr | C60: Lake Ozark | D60: MO | E60: 65049 | F60: 4 | G60: 4 | H60: 4400 | I60: 852700 | J60: =Table13[[#This Row],[property_value]]/Table13[[#This Row],[sqft]] -> 193.79545 | K60: zestimate | L60: Dock | M60: =IF(L60="Dock",50,IF(L60="Waterfront",40,IF(L60="Access",20,0)))+IF(I60>5000000,30,IF(I60>2000000,25,IF(I60>1000000,20,10)))+IF(H60>6000,15,IF(H60>4000,10,5))+IF(F60>=6,10,IF(F60>=4,5,0)) -> 75 | N60: =_xlfn.RANK.EQ(M60,$M$11:$M$68,0) -> 49 | O60: =IF(M60>=100,"Premier Dock Owner",IF(M60>=85,"High-Value Dock Owner",IF(M60>=65,"Waterfront / Access Prospect","Lower Priority"))) -> Waterfront / Access Prospect | P60: =IF(O60="Premier Dock Owner","A",IF(O60="High-Value Dock Owner","B","C")) -> C | Q60: =IF(Table13[[#This Row],[target_priority]]="A","Direct Outreach",IF(Table13[[#This Row],[target_priority]]="B","Personalized Mail Campaign","Low Priority / Monitor")) -> Low Priority / Monitor | R60: Recently Sold
A61: 310 Palisades Dr | C61: Lake Ozark | D61: MO | E61: 65049 | F61: 3 | G61: 3 | H61: 2741 | I61: 1199000 | J61: =Table13[[#This Row],[property_value]]/Table13[[#This Row],[sqft]] -> 437.43159 | L61: Dock | M61: =IF(L61="Dock",50,IF(L61="Waterfront",40,IF(L61="Access",20,0)))+IF(I61>5000000,30,IF(I61>2000000,25,IF(I61>1000000,20,10)))+IF(H61>6000,15,IF(H61>4000,10,5))+IF(F61>=6,10,IF(F61>=4,5,0)) -> 75 | N61: =_xlfn.RANK.EQ(M61,$M$11:$M$68,0) -> 49 | O61: =IF(M61>=100,"Premier Dock Owner",IF(M61>=85,"High-Value Dock Owner",IF(M61>=65,"Waterfront / Access Prospect","Lower Priority"))) -> Waterfront / Access Prospect | P61: =IF(O61="Premier Dock Owner","A",IF(O61="High-Value Dock Owner","B","C")) -> C | Q61: =IF(Table13[[#This Row],[target_priority]]="A","Direct Outreach",IF(Table13[[#This Row],[target_priority]]="B","Personalized Mail Campaign","Low Priority / Monitor")) -> Low Priority / Monitor | R61: Active Listing
A62: 2711 Bittersweet Rd | C62: Lake Ozark | D62: MO | E62: 65049 | F62: 4 | G62: 2 | H62: 2180 | I62: 742400 | J62: =Table13[[#This Row],[property_value]]/Table13[[#This Row],[sqft]] -> 340.55046 | K62: zestimate | L62: Dock | M62: =IF(L62="Dock",50,IF(L62="Waterfront",40,IF(L62="Access",20,0)))+IF(I62>5000000,30,IF(I62>2000000,25,IF(I62>1000000,20,10)))+IF(H62>6000,15,IF(H62>4000,10,5))+IF(F62>=6,10,IF(F62>=4,5,0)) -> 70 | N62: =_xlfn.RANK.EQ(M62,$M$11:$M$68,0) -> 52 | O62: =IF(M62>=100,"Premier Dock Owner",IF(M62>=85,"High-Value Dock Owner",IF(M62>=65,"Waterfront / Access Prospect","Lower Priority"))) -> Waterfront / Access Prospect | P62: =IF(O62="Premier Dock Owner","A",IF(O62="High-Value Dock Owner","B","C")) -> C | Q62: =IF(Table13[[#This Row],[target_priority]]="A","Direct Outreach",IF(Table13[[#This Row],[target_priority]]="B","Personalized Mail Campaign","Low Priority / Monitor")) -> Low Priority / Monitor | R62: Recently Sold
A63: 42 Bluebird Dr | C63: Lake Ozark | D63: MO | E63: 65049 | F63: 4 | G63: 3 | H63: 2052 | I63: 841600 | J63: =Table13[[#This Row],[property_value]]/Table13[[#This Row],[sqft]] -> 410.13645 | K63: zestimate | L63: Dock | M63: =IF(L63="Dock",50,IF(L63="Waterfront",40,IF(L63="Access",20,0)))+IF(I63>5000000,30,IF(I63>2000000,25,IF(I63>1000000,20,10)))+IF(H63>6000,15,IF(H63>4000,10,5))+IF(F63>=6,10,IF(F63>=4,5,0)) -> 70 | N63: =_xlfn.RANK.EQ(M63,$M$11:$M$68,0) -> 52 | O63: =IF(M63>=100,"Premier Dock Owner",IF(M63>=85,"High-Value Dock Owner",IF(M63>=65,"Waterfront / Access Prospect","Lower Priority"))) -> Waterfront / Access Prospect | P63: =IF(O63="Premier Dock Owner","A",IF(O63="High-Value Dock Owner","B","C")) -> C | Q63: =IF(Table13[[#This Row],[target_priority]]="A","Direct Outreach",IF(Table13[[#This Row],[target_priority]]="B","Personalized Mail Campaign","Low Priority / Monitor")) -> Low Priority / Monitor | R63: Recently Sold
A64: 584 Woodland Point | C64: Linn Creek | D64: MO | E64: 65052 | F64: 4 | G64: 4 | H64: 3044 | I64: 917500 | J64: =Table13[[#This Row],[property_value]]/Table13[[#This Row],[sqft]] -> 301.41261 | K64: zestimate | L64: Dock | M64: =IF(L64="Dock",50,IF(L64="Waterfront",40,IF(L64="Access",20,0)))+IF(I64>5000000,30,IF(I64>2000000,25,IF(I64>1000000,20,10)))+IF(H64>6000,15,IF(H64>4000,10,5))+IF(F64>=6,10,IF(F64>=4,5,0)) -> 70 | N64: =_xlfn.RANK.EQ(M64,$M$11:$M$68,0) -> 52 | O64: =IF(M64>=100,"Premier Dock Owner",IF(M64>=85,"High-Value Dock Owner",IF(M64>=65,"Waterfront / Access Prospect","Lower Priority"))) -> Waterfront / Access Prospect | P64: =IF(O64="Premier Dock Owner","A",IF(O64="High-Value Dock Owner","B","C")) -> C | Q64: =IF(Table13[[#This Row],[target_priority]]="A","Direct Outreach",IF(Table13[[#This Row],[target_priority]]="B","Personalized Mail Campaign","Low Priority / Monitor")) -> Low Priority / Monitor | R64: Recently Sold
A65: 1111 Ginger Rd | C65: Lake Ozark | D65: MO | E65: 65049 | F65: 5 | G65: 7 | H65: 2618 | I65: 699900 | J65: =Table13[[#This Row],[property_value]]/Table13[[#This Row],[sqft]] -> 267.34148 | L65: Dock | M65: =IF(L65="Dock",50,IF(L65="Waterfront",40,IF(L65="Access",20,0)))+IF(I65>5000000,30,IF(I65>2000000,25,IF(I65>1000000,20,10)))+IF(H65>6000,15,IF(H65>4000,10,5))+IF(F65>=6,10,IF(F65>=4,5,0)) -> 70 | N65: =_xlfn.RANK.EQ(M65,$M$11:$M$68,0) -> 52 | O65: =IF(M65>=100,"Premier Dock Owner",IF(M65>=85,"High-Value Dock Owner",IF(M65>=65,"Waterfront / Access Prospect","Lower Priority"))) -> Waterfront / Access Prospect | P65: =IF(O65="Premier Dock Owner","A",IF(O65="High-Value Dock Owner","B","C")) -> C | Q65: =IF(Table13[[#This Row],[target_priority]]="A","Direct Outreach",IF(Table13[[#This Row],[target_priority]]="B","Personalized Mail Campaign","Low Priority / Monitor")) -> Low Priority / Monitor | R65: Active Listing
A66: 62 Tara Rd, Lake Ozark | C66: Lake Ozark | D66: MO | E66: 65049 | F66: 3 | G66: 2 | H66: 1347 | I66: 648100 | J66: =Table13[[#This Row],[property_value]]/Table13[[#This Row],[sqft]] -> 481.14328 | K66: zestimate | L66: Dock | M66: =IF(L66="Dock",50,IF(L66="Waterfront",40,IF(L66="Access",20,0)))+IF(I66>5000000,30,IF(I66>2000000,25,IF(I66>1000000,20,10)))+IF(H66>6000,15,IF(H66>4000,10,5))+IF(F66>=6,10,IF(F66>=4,5,0)) -> 65 | N66: =_xlfn.RANK.EQ(M66,$M$11:$M$68,0) -> 56 | O66: =IF(M66>=100,"Premier Dock Owner",IF(M66>=85,"High-Value Dock Owner",IF(M66>=65,"Waterfront / Access Prospect","Lower Priority"))) -> Waterfront / Access Prospect | P66: =IF(O66="Premier Dock Owner","A",IF(O66="High-Value Dock Owner","B","C")) -> C | Q66: =IF(Table13[[#This Row],[target_priority]]="A","Direct Outreach",IF(Table13[[#This Row],[target_priority]]="B","Personalized Mail Campaign","Low Priority / Monitor")) -> Low Priority / Monitor | R66: Recently Sold
A67: 459 Point Charles Rd | C67: Sunrise Beach | D67: MO | E67: 65079 | F67: 3 | G67: 3 | H67: 2197 | I67: 836200 | J67: =Table13[[#This Row],[property_value]]/Table13[[#This Row],[sqft]] -> 380.60992 | K67: zestimate | L67: Dock | M67: =IF(L67="Dock",50,IF(L67="Waterfront",40,IF(L67="Access",20,0)))+IF(I67>5000000,30,IF(I67>2000000,25,IF(I67>1000000,20,10)))+IF(H67>6000,15,IF(H67>4000,10,5))+IF(F67>=6,10,IF(F67>=4,5,0)) -> 65 | N67: =_xlfn.RANK.EQ(M67,$M$11:$M$68,0) -> 56 | O67: =IF(M67>=100,"Premier Dock Owner",IF(M67>=85,"High-Value Dock Owner",IF(M67>=65,"Waterfront / Access Prospect","Lower Priority"))) -> Waterfront / Access Prospect | P67: =IF(O67="Premier Dock Owner","A",IF(O67="High-Value Dock Owner","B","C")) -> C | Q67: =IF(Table13[[#This Row],[target_priority]]="A","Direct Outreach",IF(Table13[[#This Row],[target_priority]]="B","Personalized Mail Campaign","Low Priority / Monitor")) -> Low Priority / Monitor | R67: Recently Sold
A68: 903 Dogwood Rd | C68: Lake Ozark | D68: MO | E68: 65049 | F68: 6 | G68: 5 | H68: 5804 | I68: 2900000 | J68: =Table13[[#This Row],[property_value]]/Table13[[#This Row],[sqft]] -> 499.65541 | L68: Access | M68: =IF(L68="Dock",50,IF(L68="Waterfront",40,IF(L68="Access",20,0)))+IF(I68>5000000,30,IF(I68>2000000,25,IF(I68>1000000,20,10)))+IF(H68>6000,15,IF(H68>4000,10,5))+IF(F68>=6,10,IF(F68>=4,5,0)) -> 65 | N68: =_xlfn.RANK.EQ(M68,$M$11:$M$68,0) -> 56 | O68: =IF(M68>=100,"Premier Dock Owner",IF(M68>=85,"High-Value Dock Owner",IF(M68>=65,"Waterfront / Access Prospect","Lower Priority"))) -> Waterfront / Access Prospect | P68: =IF(O68="Premier Dock Owner","A",IF(O68="High-Value Dock Owner","B","C")) -> C | Q68: =IF(Table13[[#This Row],[target_priority]]="A","Direct Outreach",IF(Table13[[#This Row],[target_priority]]="B","Personalized Mail Campaign","Low Priority / Monitor")) -> Low Priority / Monitor | R68: Active Listing
